TimelineID,Time,FiringUnitID,FiringUnitDBID,FiringUnitName,FiringUnitType,FiringUnitClass,FiringUnitSide,FiringUnitLongitude,FiringUnitLatitude,FiringUnitCourse,FiringUnitSpeed_kts,FiringUnitAltitude_m,FiringUnitAGL_m,WeaponID,WeaponDBID,WeaponName,WeaponType,WeaponClass,TargetContactID,TargetContactLongitude,TargetContactLatitude,TargetContactHeading,TargetContactSpeed,TargetContactAltitude,TargetContactRangeHoriz_nm,TargetContactRangeSlant_nm,TargetContactActualUnitID,TargetContactActualUnitName,TargetContactActualUnitClass,TargetContactActualUnitSide,SalvoID,CountermeasuresRemaining
"The unique ID of the simulation run under which the event occured","The scenario time at which the event occured","FiringUnitID","FiringUnitDBID","FiringUnitName","FiringUnitType","FiringUnitClass","FiringUnitSide","The longitude of The firing unit","The latitude of the firing unit","The firing unit's course (heading) in degrees","The firing unit's speed (true airspeed in the case of aircraft) in knots","The firing unit's barometric (above mean surface level) altitude, in meters","The firing unit's actual above-ground altitude, in meters","The unique ID of the weapon being fired","The database ID of the weapon being fired","The actual name of the weapon being fired","The type-description string (e.g. 'Guided Weapon') of the weapon being fired","The unit-class description (e.g. 'AGM-154C-1 JSOW, 2012') of the weapon being fired","The unique ID of The contact being fired upon","The current / last-known longitude of the contact being fired upon","The current / last-known latitude of the contact being fired upon","The current / last-known heading of the contact being fired upon","The current / last-known speed of the contact being fired upon","The current / last-known barometric altitude of the contact being fired upon","The horizontal range from the firing unit to the engaged contact's last known location, in nautical miles","The slant range from the firing unit to the engaged contact's last known location, in nautical miles","The unique ID of the actual unit correlated with the engaged contact","The actual name of The unit correlated with The engaged contact","The unit-class description of the unit correlated with the engaged contact","The name of the side to which the unit correlated with the engaged contact belongs","SalvoID","CountermeasuresRemaining"
42,00:00:00.00,192,192,sea_shooter,SEA_SHOOTER_PLATFORM,SEA_SHOOTER_PLATFORM,blue,-130.313,35.5004,0,0,0,0,193,193,sea_shooter_wpn3_1,WPN3,WPN3,0,-120.617,39.3319,0,0,0.999744,515.681,516.327,58,lr_sam_ttr_radar_4,LR_SAM_TTR_RADAR,red,1,0
42,00:10:00.00,192,192,sea_shooter,SEA_SHOOTER_PLATFORM,SEA_SHOOTER_PLATFORM,blue,-130.313,35.5004,0,0,0,0,194,194,sea_shooter_wpn3_2,WPN3,WPN3,0,-122.342,42.5747,0,0,0.999744,563.518,563.352,50,lr_sam_acq_radar_3,LR_SAM_ACQ_RADAR,red,1,0
42,00:20:00.00,192,192,sea_shooter,SEA_SHOOTER_PLATFORM,SEA_SHOOTER_PLATFORM,blue,-130.313,35.5004,0,0,0,0,195,195,sea_shooter_wpn4_1,WPN4,WPN4,0,-116.891,34.3175,0,0,0.999744,663.691,664.545,76,lr_sam_launcher_6-4,LR_SAM_LAUNCHER,red,1,0
42,00:30:00.00,192,192,sea_shooter,SEA_SHOOTER_PLATFORM,SEA_SHOOTER_PLATFORM,blue,-130.313,35.5004,0,0,0,0,196,196,sea_shooter_wpn1_1,WPN1,WPN1,0,-120.613,39.3378,0,0,0.999744,516.004,516.649,61,lr_sam_launcher_4-3,LR_SAM_LAUNCHER,red,1,0
42,00:40:00.00,192,192,sea_shooter,SEA_SHOOTER_PLATFORM,SEA_SHOOTER_PLATFORM,blue,-130.313,35.5004,0,0,0,0,197,197,sea_shooter_wpn3_3,WPN3,WPN3,0,-117.819,34.7654,0,0,0.9144,614.238,615.191,29,elr_sam_acq_radar_3,ELR_SAM_ACQ_RADAR,red,1,0
42,00:50:00.00,192,192,sea_shooter,SEA_SHOOTER_PLATFORM,SEA_SHOOTER_PLATFORM,blue,-130.313,35.5004,0,0,0,0,198,198,sea_shooter_wpn3_4,WPN3,WPN3,0,-122.972,47.2277,0,0,0.999744,776.554,775.021,82,mr_sam_launcher_1-3,MR_SAM_LAUNCHER,red,1,0
42,00:52:22.85,174,174,sr_sam_telar-26,SR_SAM_TELAR,SR_SAM_TELAR,red,-121.423,39.2017,0,0,1,1,199,199,sr_sam_telar-26_sam_1,SR_SAM,SR_SAM,0,-121.559,38.9963,66.1454,540.323,152.477,13.857,13.8564,193,sea_shooter_wpn3_1,WPN3,blue,1,0
42,00:52:26.96,174,174,sr_sam_telar-26,SR_SAM_TELAR,SR_SAM_TELAR,red,-121.423,39.2017,0,0,1,1,200,200,sr_sam_telar-26_sam_2,SR_SAM,SR_SAM,0,-121.547,39.0004,66.153,540.323,152.589,13.3835,13.3816,193,sea_shooter_wpn3_1,WPN3,blue,1,0
42,01:00:00.00,192,192,sea_shooter,SEA_SHOOTER_PLATFORM,SEA_SHOOTER_PLATFORM,blue,-130.313,35.5004,0,0,0,0,201,201,sea_shooter_wpn4_2,WPN4,WPN4,0,-121.555,38.6409,0,0,0.999744,459.396,460.109,119,mr_sam_battalion_8,MR_SAM_BATTALION,red,1,0
42,01:10:00.00,192,192,sea_shooter,SEA_SHOOTER_PLATFORM,SEA_SHOOTER_PLATFORM,blue,-130.313,35.5004,0,0,0,0,202,202,sea_shooter_wpn4_3,WPN4,WPN4,0,-122.15,43.5225,0,0,0.999744,611.273,610.879,102,mr_sam_acq_radar_5,MR_SAM_ACQ_RADAR,red,1,0
42,01:16:04.44,52,52,lr_sam_launcher_3-1,LR_SAM_LAUNCHER,LR_SAM_LAUNCHER,red,-122.349,42.577,0,0,0.999744,0.999744,203,203,lr_sam_launcher_3-1_sam_1,LR_SAM,LR_SAM,0,-121.896,42.886,44.294,539.803,152.467,27.2154,27.2609,194,sea_shooter_wpn3_2,WPN3,blue,1,0
42,01:16:09.75,52,52,lr_sam_launcher_3-1,LR_SAM_LAUNCHER,LR_SAM_LAUNCHER,red,-122.349,42.577,0,0,0.999744,0.999744,204,204,lr_sam_launcher_3-1_sam_2,LR_SAM,LR_SAM,0,-121.884,42.8955,44.3026,539.803,152.58,28.0088,28.0555,194,sea_shooter_wpn3_2,WPN3,blue,1,0
42,01:20:00.00,192,192,sea_shooter,SEA_SHOOTER_PLATFORM,SEA_SHOOTER_PLATFORM,blue,-130.313,35.5004,0,0,0,0,205,205,sea_shooter_wpn3_5,WPN3,WPN3,0,-122.007,45.2407,0,0,0.999744,696.05,695.176,89,mr_sam_battalion_3,MR_SAM_BATTALION,red,1,0
42,01:22:19.09,174,174,sr_sam_telar-26,SR_SAM_TELAR,SR_SAM_TELAR,red,-121.423,39.2017,0,0,1,1,206,206,sr_sam_telar-26_sam_3,SR_SAM,SR_SAM,0,-121.57,38.9964,66.1133,540.012,152.421,14.093,14.0939,196,sea_shooter_wpn1_1,WPN1,blue,1,0
42,01:22:22.13,174,174,sr_sam_telar-26,SR_SAM_TELAR,SR_SAM_TELAR,red,-121.423,39.2017,0,0,1,1,207,207,sr_sam_telar-26_sam_4,SR_SAM,SR_SAM,0,-121.562,38.9995,66.1189,540.012,152.454,13.7331,13.7331,196,sea_shooter_wpn1_1,WPN1,blue,1,0
42,01:30:00.00,192,192,sea_shooter,SEA_SHOOTER_PLATFORM,SEA_SHOOTER_PLATFORM,blue,-130.313,35.5004,0,0,0,0,208,208,sea_shooter_wpn2_1,WPN2,WPN2,0,-117.6,34.8354,0,0,0.999744,624.388,625.333,138,mr_sam_acq_radar_11,MR_SAM_ACQ_RADAR,red,1,0
42,01:40:00.00,192,192,sea_shooter,SEA_SHOOTER_PLATFORM,SEA_SHOOTER_PLATFORM,blue,-130.313,35.5004,0,0,0,0,209,209,sea_shooter_wpn1_2,WPN1,WPN1,0,-118.934,35.7611,0,0,1,554.81,555.833,182,sr_sam_telar-34,SR_SAM_TELAR,red,1,0
42,01:47:38.08,184,184,sr_sam_telar-36,SR_SAM_TELAR,SR_SAM_TELAR,red,-117.742,34.8063,0,0,1,1,210,210,sr_sam_telar-36_sam_1,SR_SAM,SR_SAM,0,-118.014,34.7901,97.5735,539.16,151.836,13.4417,13.4807,197,sea_shooter_wpn3_3,WPN3,blue,1,0
42,01:47:41.36,184,184,sr_sam_telar-36,SR_SAM_TELAR,SR_SAM_TELAR,red,-117.742,34.8063,0,0,1,1,211,211,sr_sam_telar-36_sam_2,SR_SAM,SR_SAM,0,-118.004,34.789,97.5791,539.16,151.035,12.9636,13.0011,197,sea_shooter_wpn3_3,WPN3,blue,1,0
42,01:48:01.03,185,185,sr_sam_telar-37,SR_SAM_TELAR,SR_SAM_TELAR,red,-117.672,34.7468,0,0,1,1,212,212,sr_sam_telar-37_sam_1,SR_SAM,SR_SAM,0,-117.945,34.7825,97.5789,540.536,152.468,13.5927,13.6309,197,sea_shooter_wpn3_3,WPN3,blue,1,0
42,01:48:03.22,185,185,sr_sam_telar-37,SR_SAM_TELAR,SR_SAM_TELAR,red,-117.672,34.7468,0,0,1,1,213,213,sr_sam_telar-37_sam_2,SR_SAM,SR_SAM,0,-117.938,34.7818,97.5826,540.536,152.523,13.2656,13.3028,197,sea_shooter_wpn3_3,WPN3,blue,1,0
42,01:49:45.56,177,177,sr_sam_telar-29,SR_SAM_TELAR,SR_SAM_TELAR,red,-121.573,38.5702,0,0,1,1,214,214,sr_sam_telar-29_sam_1,SR_SAM,SR_SAM,0,-121.857,38.5348,68.4698,540.373,152.429,13.4909,13.5318,201,sea_shooter_wpn4_2,WPN4,blue,1,0
42,01:49:50.14,177,177,sr_sam_telar-29,SR_SAM_TELAR,SR_SAM_TELAR,red,-121.573,38.5702,0,0,1,1,215,215,sr_sam_telar-29_sam_2,SR_SAM,SR_SAM,0,-121.843,38.539,68.4783,540.373,152.51,12.8213,12.8603,201,sea_shooter_wpn4_2,WPN4,blue,1,0
42,01:50:00.00,192,192,sea_shooter,SEA_SHOOTER_PLATFORM,SEA_SHOOTER_PLATFORM,blue,-130.313,35.5004,0,0,0,0,216,216,sea_shooter_wpn2_2,WPN2,WPN2,0,-121.817,48.7766,0,0,0.999744,880.376,878.217,99,mr_sam_launcher_4-2,MR_SAM_LAUNCHER,red,1,0
42,01:50:16.03,176,176,sr_sam_telar-28,SR_SAM_TELAR,SR_SAM_TELAR,red,-121.54,38.7096,0,0,1,1,217,217,sr_sam_telar-28_sam_1,SR_SAM,SR_SAM,0,-121.766,38.5628,68.533,539.103,152.442,13.792,13.8121,201,sea_shooter_wpn4_2,WPN4,blue,1,0
42,01:50:18.03,175,175,sr_sam_telar-27,SR_SAM_TELAR,SR_SAM_TELAR,red,-121.54,38.7096,0,0,1,1,218,218,sr_sam_telar-27_sam_1,SR_SAM,SR_SAM,0,-121.76,38.5646,68.5321,540.351,152.483,13.5056,13.5249,201,sea_shooter_wpn4_2,WPN4,blue,1,0
42,01:50:18.69,176,176,sr_sam_telar-28,SR_SAM_TELAR,SR_SAM_TELAR,red,-121.54,38.7096,0,0,1,1,219,219,sr_sam_telar-28_sam_2,SR_SAM,SR_SAM,0,-121.758,38.5652,68.5379,539.103,152.476,13.4143,13.4334,201,sea_shooter_wpn4_2,WPN4,blue,1,0
42,01:50:22.67,175,175,sr_sam_telar-27,SR_SAM_TELAR,SR_SAM_TELAR,red,-121.54,38.7096,0,0,1,1,220,220,sr_sam_telar-27_sam_2,SR_SAM,SR_SAM,0,-121.747,38.5689,68.5407,540.351,152.597,12.8493,12.8669,201,sea_shooter_wpn4_2,WPN4,blue,1,0
42,02:00:00.00,192,192,sea_shooter,SEA_SHOOTER_PLATFORM,SEA_SHOOTER_PLATFORM,blue,-130.313,35.5004,0,0,0,0,221,221,sea_shooter_wpn2_3,WPN2,WPN2,0,-122.335,42.5773,0,0,0.999744,563.835,563.669,54,lr_sam_launcher_3-3,LR_SAM_LAUNCHER,red,1,0
42,02:10:00.00,192,192,sea_shooter,SEA_SHOOTER_PLATFORM,SEA_SHOOTER_PLATFORM,blue,-130.313,35.5004,0,0,0,0,222,222,sea_shooter_wpn4_4,WPN4,WPN4,0,-116.681,33.7988,0,0,0.999744,679.977,680.755,147,mr_sam_launcher_12-2,MR_SAM_LAUNCHER,red,1,0
42,02:14:46.31,154,154,sr_sam_telar-6,SR_SAM_TELAR,SR_SAM_TELAR,red,-122.912,47.1159,0,0,1,1,223,223,sr_sam_telar-6_sam_1,SR_SAM,SR_SAM,0,-123.153,46.9528,27.6906,538.524,152.437,13.8854,13.9142,198,sea_shooter_wpn3_4,WPN3,blue,1,0
42,02:14:50.55,154,154,sr_sam_telar-6,SR_SAM_TELAR,SR_SAM_TELAR,red,-122.912,47.1159,0,0,1,1,224,224,sr_sam_telar-6_sam_2,SR_SAM,SR_SAM,0,-123.146,46.9621,27.6958,538.524,152.485,13.2821,13.3102,198,sea_shooter_wpn3_4,WPN3,blue,1,0
42,02:20:00.00,192,192,sea_shooter,SEA_SHOOTER_PLATFORM,SEA_SHOOTER_PLATFORM,blue,-130.313,35.5004,0,0,0,0,225,225,sea_shooter_wpn2_4,WPN2,WPN2,0,-122.044,45.2484,0,0,1,695.515,694.638,161,sr_sam_telar-13,SR_SAM_TELAR,red,1,0
42,02:30:00.00,192,192,sea_shooter,SEA_SHOOTER_PLATFORM,SEA_SHOOTER_PLATFORM,blue,-130.313,35.5004,0,0,0,0,226,226,sea_shooter_wpn1_3,WPN1,WPN1,0,-116.336,34.8734,0,0,3.048,685.83,686.677,13,s-band_ew_radar-3,S-BAND_EW_RADAR,red,1,0
42,02:36:16.27,161,161,sr_sam_telar-13,SR_SAM_TELAR,SR_SAM_TELAR,red,-122.044,45.2484,0,0,1,1,227,227,sr_sam_telar-13_sam_1,SR_SAM,SR_SAM,0,-122.176,45.0405,35.8662,538.544,152.414,13.6669,13.6767,205,sea_shooter_wpn3_5,WPN3,blue,1,0
42,02:36:20.40,161,161,sr_sam_telar-13,SR_SAM_TELAR,SR_SAM_TELAR,red,-122.044,45.2484,0,0,1,1,228,228,sr_sam_telar-13_sam_2,SR_SAM,SR_SAM,0,-122.168,45.0489,35.8722,538.544,152.454,13.0641,13.0733,205,sea_shooter_wpn3_5,WPN3,blue,1,0
42,02:36:31.08,162,162,sr_sam_telar-14,SR_SAM_TELAR,SR_SAM_TELAR,red,-121.907,45.2211,0,0,1,1,229,229,sr_sam_telar-14_sam_1,SR_SAM,SR_SAM,0,-122.145,45.0705,35.8808,539.055,152.448,13.5432,13.5706,205,sea_shooter_wpn3_5,WPN3,blue,1,0
42,02:36:35.23,162,162,sr_sam_telar-14,SR_SAM_TELAR,SR_SAM_TELAR,red,-121.907,45.2211,0,0,1,1,230,230,sr_sam_telar-14_sam_2,SR_SAM,SR_SAM,0,-122.137,45.0789,35.8869,539.055,152.528,12.9385,12.9651,205,sea_shooter_wpn3_5,WPN3,blue,1,0
42,02:37:40.25,184,184,sr_sam_telar-36,SR_SAM_TELAR,SR_SAM_TELAR,red,-117.742,34.8063,0,0,1,1,231,231,sr_sam_telar-36_sam_3,SR_SAM,SR_SAM,0,-117.993,34.8791,97.044,540.508,152.469,13.1328,13.1646,208,sea_shooter_wpn2_1,WPN2,blue,1,0
42,02:37:43.87,184,184,sr_sam_telar-36,SR_SAM_TELAR,SR_SAM_TELAR,red,-117.742,34.8063,0,0,1,1,232,232,sr_sam_telar-36_sam_4,SR_SAM,SR_SAM,0,-117.982,34.878,97.0502,540.508,152.547,12.6043,12.6345,208,sea_shooter_wpn2_1,WPN2,blue,1,0
42,02:38:06.46,185,185,sr_sam_telar-37,SR_SAM_TELAR,SR_SAM_TELAR,red,-117.672,34.7468,0,0,1,1,233,233,sr_sam_telar-37_sam_3,SR_SAM,SR_SAM,0,-117.914,34.871,97.0833,539.263,152.494,14.0492,14.0723,208,sea_shooter_wpn2_1,WPN2,blue,1,0
42,02:38:11.04,185,185,sr_sam_telar-37,SR_SAM_TELAR,SR_SAM_TELAR,red,-117.672,34.7468,0,0,1,1,234,234,sr_sam_telar-37_sam_4,SR_SAM,SR_SAM,0,-117.9,34.8696,97.0912,539.263,152.614,13.4313,13.4522,208,sea_shooter_wpn2_1,WPN2,blue,1,0
42,02:40:00.00,192,192,sea_shooter,SEA_SHOOTER_PLATFORM,SEA_SHOOTER_PLATFORM,blue,-130.313,35.5004,0,0,0,0,235,235,sea_shooter_wpn4_5,WPN4,WPN4,0,-121.54,38.7096,0,0,1,461.58,462.282,175,sr_sam_telar-27,SR_SAM_TELAR,red,1,0
42,02:40:04.93,183,183,sr_sam_telar-35,SR_SAM_TELAR,SR_SAM_TELAR,red,-119.062,35.6461,0,0,1,1,236,236,sr_sam_telar-35_sam_1,SR_SAM,SR_SAM,0,-119.307,35.7685,91.4842,539.026,152.39,14.0194,14.044,209,sea_shooter_wpn1_2,WPN1,blue,1,0
42,02:40:08.55,183,183,sr_sam_telar-35,SR_SAM_TELAR,SR_SAM_TELAR,red,-119.062,35.6461,0,0,1,1,237,237,sr_sam_telar-35_sam_2,SR_SAM,SR_SAM,0,-119.296,35.7683,91.4907,539.026,152.389,13.5536,13.5763,209,sea_shooter_wpn1_2,WPN1,blue,1,0
42,02:40:33.22,182,182,sr_sam_telar-34,SR_SAM_TELAR,SR_SAM_TELAR,red,-118.934,35.7612,0,0,1,1,238,238,sr_sam_telar-34_sam_1,SR_SAM,SR_SAM,0,-119.22,35.7666,91.5449,539.914,152.432,13.9164,13.9577,209,sea_shooter_wpn1_2,WPN1,blue,1,0
42,02:40:36.13,182,182,sr_sam_telar-34,SR_SAM_TELAR,SR_SAM_TELAR,red,-118.934,35.7612,0,0,1,1,239,239,sr_sam_telar-34_sam_2,SR_SAM,SR_SAM,0,-119.211,35.7664,91.5501,539.914,152.471,13.4826,13.5226,209,sea_shooter_wpn1_2,WPN1,blue,1,0
42,02:41:02.84,183,183,sr_sam_telar-35,SR_SAM_TELAR,SR_SAM_TELAR,red,-119.062,35.6461,0,0,1,1,240,240,sr_sam_telar-35_sam_3,SR_SAM,SR_SAM,0,-119.129,35.7646,91.598,540.745,152.527,7.82167,7.81652,209,sea_shooter_wpn1_2,WPN1,blue,1,0
42,02:41:06.69,183,183,sr_sam_telar-35,SR_SAM_TELAR,SR_SAM_TELAR,red,-119.062,35.6461,0,0,1,1,241,241,sr_sam_telar-35_sam_4,SR_SAM,SR_SAM,0,-119.117,35.7643,91.6049,540.745,152.655,7.58391,7.57732,209,sea_shooter_wpn1_2,WPN1,blue,1,0
42,02:50:00.00,192,192,sea_shooter,SEA_SHOOTER_PLATFORM,SEA_SHOOTER_PLATFORM,blue,-130.313,35.5004,0,0,0,0,242,242,sea_shooter_n_wpn5_1,N_WPN5,N_WPN5,0,-122.153,46.403,0,0,1,750.476,749.228,19,elr_sam_launcher_1-3,ELR_SAM_LAUNCHER,red,1,0
42,03:00:00.00,192,192,sea_shooter,SEA_SHOOTER_PLATFORM,SEA_SHOOTER_PLATFORM,blue,-130.313,35.5004,0,0,0,0,243,243,sea_shooter_wpn2_5,WPN2,WPN2,0,-116.674,33.8019,0,0,0.999744,680.275,681.053,145,mr_sam_ttr_radar_12,MR_SAM_TTR_RADAR,red,1,0
42,03:10:00.00,192,192,sea_shooter,SEA_SHOOTER_PLATFORM,SEA_SHOOTER_PLATFORM,blue,-130.313,35.5004,0,0,0,0,244,244,sea_shooter_wpn4_6,WPN4,WPN4,0,-120.659,40.6053,0,0,1.19482,548.892,549.281,23,elr_sam_ttr_radar_2,ELR_SAM_TTR_RADAR,red,1,0
42,03:14:52.81,154,154,sr_sam_telar-6,SR_SAM_TELAR,SR_SAM_TELAR,red,-122.912,47.1159,0,0,1,1,245,245,sr_sam_telar-6_sam_3,SR_SAM,SR_SAM,0,-123.196,46.9864,27.4725,538.996,152.401,13.9699,14.007,216,sea_shooter_wpn2_2,WPN2,blue,1,0
42,03:14:57.61,154,154,sr_sam_telar-6,SR_SAM_TELAR,SR_SAM_TELAR,red,-122.912,47.1159,0,0,1,1,246,246,sr_sam_telar-6_sam_4,SR_SAM,SR_SAM,0,-123.188,46.997,27.4784,538.996,152.429,13.3449,13.3814,216,sea_shooter_wpn2_2,WPN2,blue,1,0
42,03:15:36.74,153,153,sr_sam_telar-5,SR_SAM_TELAR,SR_SAM_TELAR,red,-122.897,47.2589,0,0,1,1,247,247,sr_sam_telar-5_sam_1,SR_SAM,SR_SAM,0,-123.122,47.0837,27.5254,538.173,152.442,13.9567,13.9827,216,sea_shooter_wpn2_2,WPN2,blue,1,0
42,03:15:41.58,153,153,sr_sam_telar-5,SR_SAM_TELAR,SR_SAM_TELAR,red,-122.897,47.2589,0,0,1,1,248,248,sr_sam_telar-5_sam_2,SR_SAM,SR_SAM,0,-123.114,47.0944,27.5313,538.173,152.491,13.255,13.2803,216,sea_shooter_wpn2_2,WPN2,blue,1,0
42,03:15:49.89,154,154,sr_sam_telar-6,SR_SAM_TELAR,SR_SAM_TELAR,red,-122.912,47.1159,0,0,1,1,249,249,sr_sam_telar-6_sam_5,SR_SAM,SR_SAM,0,-123.1,47.1129,27.547,539.775,152.502,7.66435,7.69246,216,sea_shooter_wpn2_2,WPN2,blue,1,0
42,03:15:54.49,154,154,sr_sam_telar-6,SR_SAM_TELAR,SR_SAM_TELAR,red,-122.912,47.1159,0,0,1,1,250,250,sr_sam_telar-6_sam_6,SR_SAM,SR_SAM,0,-123.092,47.123,27.5527,539.775,152.652,7.35655,7.38351,216,sea_shooter_wpn2_2,WPN2,blue,1,0
42,03:20:00.00,192,192,sea_shooter,SEA_SHOOTER_PLATFORM,SEA_SHOOTER_PLATFORM,blue,-130.313,35.5004,0,0,0,0,251,251,sea_shooter_wpn2_6,WPN2,WPN2,0,-122.044,45.2484,0,0,1,695.515,694.638,161,sr_sam_telar-13,SR_SAM_TELAR,red,1,0
42,03:25:13.18,189,189,sr_sam_telar-41,SR_SAM_TELAR,SR_SAM_TELAR,red,-116.576,33.9034,0,0,1,1,252,252,sr_sam_telar-41_sam_1,SR_SAM,SR_SAM,0,-116.822,33.8324,102.321,539.126,152.387,12.9906,13.0215,222,sea_shooter_wpn4_4,WPN4,blue,1,0
42,03:25:15.78,189,189,sr_sam_telar-41,SR_SAM_TELAR,SR_SAM_TELAR,red,-116.576,33.9034,0,0,1,1,253,253,sr_sam_telar-41_sam_2,SR_SAM,SR_SAM,0,-116.814,33.831,102.325,539.126,152.379,12.6622,12.6916,222,sea_shooter_wpn4_4,WPN4,blue,1,0
42,03:26:06.05,189,189,sr_sam_telar-41,SR_SAM_TELAR,SR_SAM_TELAR,red,-116.576,33.9034,0,0,1,1,254,254,sr_sam_telar-41_sam_3,SR_SAM,SR_SAM,0,-116.667,33.8041,102.389,540.572,152.526,7.49318,7.49302,222,sea_shooter_wpn4_4,WPN4,blue,1,0
42,03:26:10.25,189,189,sr_sam_telar-41,SR_SAM_TELAR,SR_SAM_TELAR,red,-116.576,33.9034,0,0,1,1,255,255,sr_sam_telar-41_sam_4,SR_SAM,SR_SAM,0,-116.655,33.8018,102.396,540.572,152.665,7.25106,7.24844,222,sea_shooter_wpn4_4,WPN4,blue,1,0
42,03:29:58.35,177,177,sr_sam_telar-29,SR_SAM_TELAR,SR_SAM_TELAR,red,-121.573,38.5702,0,0,1,1,256,256,sr_sam_telar-29_sam_3,SR_SAM,SR_SAM,0,-121.844,38.6004,68.024,539.219,152.447,12.8629,12.9022,235,sea_shooter_wpn4_5,WPN4,blue,1,0
42,03:30:00.00,192,192,sea_shooter,SEA_SHOOTER_PLATFORM,SEA_SHOOTER_PLATFORM,blue,-130.313,35.5004,0,0,0,0,257,257,sea_shooter_wpn3_6,WPN3,WPN3,0,-117.6,34.8354,0,0,0.999744,624.388,625.333,138,mr_sam_acq_radar_11,MR_SAM_ACQ_RADAR,red,1,0
42,03:30:03.14,177,177,sr_sam_telar-29,SR_SAM_TELAR,SR_SAM_TELAR,red,-121.573,38.5702,0,0,1,1,258,258,sr_sam_telar-29_sam_4,SR_SAM,SR_SAM,0,-121.83,38.6049,68.0328,539.219,152.51,12.248,12.285,235,sea_shooter_wpn4_5,WPN4,blue,1,0
42,03:30:10.11,175,175,sr_sam_telar-27,SR_SAM_TELAR,SR_SAM_TELAR,red,-121.54,38.7096,0,0,1,1,259,259,sr_sam_telar-27_sam_3,SR_SAM,SR_SAM,0,-121.809,38.6114,68.0627,539.774,152.415,13.9364,13.9699,235,sea_shooter_wpn4_5,WPN4,blue,1,0
42,03:30:10.40,176,176,sr_sam_telar-28,SR_SAM_TELAR,SR_SAM_TELAR,red,-121.54,38.7096,0,0,1,1,260,260,sr_sam_telar-28_sam_3,SR_SAM,SR_SAM,0,-121.809,38.6117,68.062,539.371,152.425,13.8933,13.9267,235,sea_shooter_wpn4_5,WPN4,blue,1,0
42,03:30:14.01,176,176,sr_sam_telar-28,SR_SAM_TELAR,SR_SAM_TELAR,red,-121.54,38.7096,0,0,1,1,261,261,sr_sam_telar-28_sam_4,SR_SAM,SR_SAM,0,-121.798,38.6151,68.0687,539.371,152.46,13.3543,13.3863,235,sea_shooter_wpn4_5,WPN4,blue,1,0
42,03:30:14.95,175,175,sr_sam_telar-27,SR_SAM_TELAR,SR_SAM_TELAR,red,-121.54,38.7096,0,0,1,1,262,262,sr_sam_telar-27_sam_4,SR_SAM,SR_SAM,0,-121.795,38.6159,68.0717,539.774,152.457,13.2132,13.2449,235,sea_shooter_wpn4_5,WPN4,blue,1,0
42,03:30:53.41,177,177,sr_sam_telar-29,SR_SAM_TELAR,SR_SAM_TELAR,red,-121.573,38.5702,0,0,1,1,263,263,sr_sam_telar-29_sam_5,SR_SAM,SR_SAM,0,-121.681,38.6519,68.141,540.526,152.534,7.05912,7.06761,Unknown,sea_shooter_wpn4_5,Unknown,Unknown,1,0
42,03:36:14.85,161,161,sr_sam_telar-13,SR_SAM_TELAR,SR_SAM_TELAR,red,-122.044,45.2484,0,0,1,1,264,264,sr_sam_telar-13_sam_3,SR_SAM,SR_SAM,0,-122.207,45.0536,35.7163,538.908,152.397,13.5655,13.5794,225,sea_shooter_wpn2_4,WPN2,blue,1,0
42,03:36:18.12,161,161,sr_sam_telar-13,SR_SAM_TELAR,SR_SAM_TELAR,red,-122.044,45.2484,0,0,1,1,265,265,sr_sam_telar-13_sam_4,SR_SAM,SR_SAM,0,-122.2,45.0602,35.721,538.908,152.402,13.0791,13.0924,225,sea_shooter_wpn2_4,WPN2,blue,1,0
42,03:36:30.41,162,162,sr_sam_telar-14,SR_SAM_TELAR,SR_SAM_TELAR,red,-121.907,45.2211,0,0,1,1,266,266,sr_sam_telar-14_sam_3,SR_SAM,SR_SAM,0,-122.175,45.0852,35.7341,539.358,152.436,13.9583,13.9913,225,sea_shooter_wpn2_4,WPN2,blue,1,0
42,03:36:32.76,162,162,sr_sam_telar-14,SR_SAM_TELAR,SR_SAM_TELAR,red,-121.907,45.2211,0,0,1,1,267,267,sr_sam_telar-14_sam_4,SR_SAM,SR_SAM,0,-122.17,45.0899,35.7375,539.358,152.469,13.624,13.6566,225,sea_shooter_wpn2_4,WPN2,blue,1,0
42,03:40:00.00,192,192,sea_shooter,SEA_SHOOTER_PLATFORM,SEA_SHOOTER_PLATFORM,blue,-130.313,35.5004,0,0,0,0,268,268,sea_shooter_wpn3_7,WPN3,WPN3,0,-122.118,48.4167,0,0,0.999744,855.706,853.707,38,lr_sam_launcher_1-1,LR_SAM_LAUNCHER,red,1,0
42,03:50:00.00,192,192,sea_shooter,SEA_SHOOTER_PLATFORM,SEA_SHOOTER_PLATFORM,blue,-130.313,35.5004,0,0,0,0,269,269,sea_shooter_wpn1_4,WPN1,WPN1,0,-121.804,45.3384,0,0,0.999744,705.834,704.933,46,lr_sam_launcher_2-2,LR_SAM_LAUNCHER,red,1,0
42,04:00:00.00,192,192,sea_shooter,SEA_SHOOTER_PLATFORM,SEA_SHOOTER_PLATFORM,blue,-130.313,35.5004,0,0,0,0,270,270,sea_shooter_wpn1_5,WPN1,WPN1,0,-120.219,37.0178,0,0,0.999744,496.528,497.497,129,mr_sam_launcher_9-2,MR_SAM_LAUNCHER,red,1,0
42,04:04:52.51,116,116,mr_sam_launcher_7-1,MR_SAM_LAUNCHER,MR_SAM_LAUNCHER,red,-121.2,40.2378,0,0,0.999744,0.999744,271,271,mr_sam_launcher_7-1_sam_1,MR_SAM,MR_SAM,0,-121.751,40.0833,58.6807,540.132,152.482,26.8903,26.964,244,sea_shooter_wpn4_6,WPN4,blue,1,0
42,04:04:58.92,116,116,mr_sam_launcher_7-1,MR_SAM_LAUNCHER,MR_SAM_LAUNCHER,red,-121.2,40.2378,0,0,0.999744,0.999744,272,272,mr_sam_launcher_7-1_sam_2,MR_SAM,MR_SAM,0,-121.733,40.0916,58.6922,540.132,152.628,25.9487,26.0203,244,sea_shooter_wpn4_6,WPN4,blue,1,0
42,04:10:00.00,192,192,sea_shooter,SEA_SHOOTER_PLATFORM,SEA_SHOOTER_PLATFORM,blue,-130.313,35.5004,0,0,0,0,273,273,sea_shooter_wpn3_8,WPN3,WPN3,0,-120.645,40.5739,0,0,1,548.457,548.854,170,sr_sam_telar-22,SR_SAM_TELAR,red,1,0
42,04:10:36.56,17,17,elr_sam_launcher_1-1,ELR_SAM_LAUNCHER,ELR_SAM_LAUNCHER,red,-122.155,46.4051,0,0,1,1,274,274,elr_sam_launcher_1-1_sam_1,ELR_SAM,ELR_SAM,0,-122.503,45.9793,32.1674,539.662,152.456,29.3619,29.3946,242,sea_shooter_n_wpn5_1,N_WPN5,blue,1,0
42,04:10:42.40,17,17,elr_sam_launcher_1-1,ELR_SAM_LAUNCHER,ELR_SAM_LAUNCHER,red,-122.155,46.4051,0,0,1,1,275,275,elr_sam_launcher_1-1_sam_2,ELR_SAM,ELR_SAM,0,-122.492,45.9916,32.1754,539.662,152.601,28.4886,28.5202,242,sea_shooter_n_wpn5_1,N_WPN5,blue,1,0
42,04:11:10.51,157,157,sr_sam_telar-9,SR_SAM_TELAR,SR_SAM_TELAR,red,-122.249,46.2347,0,0,1,1,276,276,sr_sam_telar-9_sam_1,SR_SAM,SR_SAM,0,-122.439,46.0511,32.2158,539.096,152.443,13.5466,13.566,242,sea_shooter_n_wpn5_1,N_WPN5,blue,1,0
42,04:11:14.31,157,157,sr_sam_telar-9,SR_SAM_TELAR,SR_SAM_TELAR,red,-122.249,46.2347,0,0,1,1,277,277,sr_sam_telar-9_sam_2,SR_SAM,SR_SAM,0,-122.431,46.0591,32.221,539.096,152.502,12.9801,12.9988,Unknown,sea_shooter_n_wpn5_1,Unknown,Unknown,1,0
42,04:15:04.17,189,189,sr_sam_telar-41,SR_SAM_TELAR,SR_SAM_TELAR,red,-116.576,33.9034,0,0,1,1,278,278,sr_sam_telar-41_sam_5,SR_SAM,SR_SAM,0,-116.846,33.841,102.274,539.811,152.455,13.96,13.9954,243,sea_shooter_wpn2_5,WPN2,blue,1,0
42,04:15:07.91,189,189,sr_sam_telar-41,SR_SAM_TELAR,SR_SAM_TELAR,red,-116.576,33.9034,0,0,1,1,279,279,sr_sam_telar-41_sam_6,SR_SAM,SR_SAM,0,-116.835,33.839,102.28,539.811,152.534,13.4675,13.501,243,sea_shooter_wpn2_5,WPN2,blue,1,0
42,04:16:00.19,189,189,sr_sam_telar-41,SR_SAM_TELAR,SR_SAM_TELAR,red,-116.576,33.9034,0,0,1,1,280,280,sr_sam_telar-41_sam_7,SR_SAM,SR_SAM,0,-116.681,33.811,102.36,540.573,152.516,7.63739,7.64098,243,sea_shooter_wpn2_5,WPN2,blue,1,0
42,04:16:03.93,189,189,sr_sam_telar-41,SR_SAM_TELAR,SR_SAM_TELAR,red,-116.576,33.9034,0,0,1,1,281,281,sr_sam_telar-41_sam_8,SR_SAM,SR_SAM,0,-116.67,33.809,102.367,540.573,152.639,7.36444,7.36572,243,sea_shooter_wpn2_5,WPN2,blue,1,0
42,04:20:00.00,192,192,sea_shooter,SEA_SHOOTER_PLATFORM,SEA_SHOOTER_PLATFORM,blue,-130.313,35.5004,0,0,0,0,282,282,sea_shooter_n_wpn5_2,N_WPN5,N_WPN5,0,-118.491,34.0097,0,0,3.048,589.217,590.133,191,rand_sm,TGT_PLATFORM,red,1,0
42,04:30:00.00,192,192,sea_shooter,SEA_SHOOTER_PLATFORM,SEA_SHOOTER_PLATFORM,blue,-130.313,35.5004,0,0,0,0,283,283,sea_shooter_wpn1_6,WPN1,WPN1,0,-118.491,34.0097,0,0,3.048,589.217,590.133,191,rand_sm,TGT_PLATFORM,red,1,0
42,04:36:13.66,161,161,sr_sam_telar-13,SR_SAM_TELAR,SR_SAM_TELAR,red,-122.044,45.2484,0,0,1,1,284,284,sr_sam_telar-13_sam_5,SR_SAM,SR_SAM,0,-122.209,45.0512,35.7147,538.369,152.382,13.7444,13.7586,251,sea_shooter_wpn2_6,WPN2,blue,1,0
42,04:36:18.10,161,161,sr_sam_telar-13,SR_SAM_TELAR,SR_SAM_TELAR,red,-122.044,45.2484,0,0,1,1,285,285,sr_sam_telar-13_sam_6,SR_SAM,SR_SAM,0,-122.2,45.0602,35.7211,538.369,152.368,13.0841,13.0975,251,sea_shooter_wpn2_6,WPN2,blue,1,0
42,04:36:30.65,162,162,sr_sam_telar-14,SR_SAM_TELAR,SR_SAM_TELAR,red,-121.907,45.2211,0,0,1,1,286,286,sr_sam_telar-14_sam_5,SR_SAM,SR_SAM,0,-122.174,45.0856,35.734,539.102,152.391,13.924,13.9571,251,sea_shooter_wpn2_6,WPN2,blue,1,0
42,04:36:34.13,162,162,sr_sam_telar-14,SR_SAM_TELAR,SR_SAM_TELAR,red,-121.907,45.2211,0,0,1,1,287,287,sr_sam_telar-14_sam_6,SR_SAM,SR_SAM,0,-122.167,45.0927,35.7391,539.102,152.395,13.432,13.4644,251,sea_shooter_wpn2_6,WPN2,blue,1,0
42,04:37:34.66,184,184,sr_sam_telar-36,SR_SAM_TELAR,SR_SAM_TELAR,red,-117.742,34.8063,0,0,1,1,288,288,sr_sam_telar-36_sam_5,SR_SAM,SR_SAM,0,-118.008,34.8806,97.0342,539.978,152.413,13.8648,13.8987,257,sea_shooter_wpn3_6,WPN3,blue,1,0
42,04:37:39.16,184,184,sr_sam_telar-36,SR_SAM_TELAR,SR_SAM_TELAR,red,-117.742,34.8063,0,0,1,1,289,289,sr_sam_telar-36_sam_6,SR_SAM,SR_SAM,0,-117.995,34.8793,97.0419,539.978,152.436,13.2068,13.2388,257,sea_shooter_wpn3_6,WPN3,blue,1,0
42,04:38:05.23,185,185,sr_sam_telar-37,SR_SAM_TELAR,SR_SAM_TELAR,red,-117.672,34.7468,0,0,1,1,290,290,sr_sam_telar-37_sam_5,SR_SAM,SR_SAM,0,-117.916,34.8712,97.0854,539.731,152.405,14.135,14.1584,257,sea_shooter_wpn3_6,WPN3,blue,1,0
42,04:38:07.41,185,185,sr_sam_telar-37,SR_SAM_TELAR,SR_SAM_TELAR,red,-117.672,34.7468,0,0,1,1,291,291,sr_sam_telar-37_sam_6,SR_SAM,SR_SAM,0,-117.909,34.8706,97.0892,539.731,152.413,13.8403,13.8627,257,sea_shooter_wpn3_6,WPN3,blue,1,0
42,04:40:00.00,192,192,sea_shooter,SEA_SHOOTER_PLATFORM,SEA_SHOOTER_PLATFORM,blue,-130.313,35.5004,0,0,0,0,292,292,sea_shooter_wpn1_7,WPN1,WPN1,0,-118.491,34.0097,0,0,3.048,589.217,590.133,191,rand_sm,TGT_PLATFORM,red,1,0
42,04:50:00.00,192,192,sea_shooter,SEA_SHOOTER_PLATFORM,SEA_SHOOTER_PLATFORM,blue,-130.313,35.5004,0,0,0,0,293,293,sea_shooter_n_wpn5_3,N_WPN5,N_WPN5,0,-118.491,34.0097,0,0,3.048,589.217,590.133,191,rand_sm,TGT_PLATFORM,red,1,0
42,04:54:02.48,179,179,sr_sam_telar-31,SR_SAM_TELAR,SR_SAM_TELAR,red,-120.234,36.9279,0,0,1,1,294,294,sr_sam_telar-31_sam_1,SR_SAM,SR_SAM,0,-120.508,36.9805,82.3585,540.551,152.456,13.5226,13.5606,270,sea_shooter_wpn1_5,WPN1,blue,1,0
42,04:54:06.21,179,179,sr_sam_telar-31,SR_SAM_TELAR,SR_SAM_TELAR,red,-120.234,36.9279,0,0,1,1,295,295,sr_sam_telar-31_sam_2,SR_SAM,SR_SAM,0,-120.497,36.9817,82.3655,540.551,152.522,13.0028,13.0389,270,sea_shooter_wpn1_5,WPN1,blue,1,0
42,04:54:28.29,178,178,sr_sam_telar-30,SR_SAM_TELAR,SR_SAM_TELAR,red,-120.192,37.1042,0,0,1,1,296,296,sr_sam_telar-30_sam_1,SR_SAM,SR_SAM,0,-120.429,36.989,82.4151,539.748,152.445,13.2808,13.3058,270,sea_shooter_wpn1_5,WPN1,blue,1,0
42,04:54:31.72,178,178,sr_sam_telar-30,SR_SAM_TELAR,SR_SAM_TELAR,red,-120.192,37.1042,0,0,1,1,297,297,sr_sam_telar-30_sam_2,SR_SAM,SR_SAM,0,-120.418,36.9902,82.4215,539.748,152.48,12.8128,12.8361,270,sea_shooter_wpn1_5,WPN1,blue,1,0
42,05:00:00.00,192,192,sea_shooter,SEA_SHOOTER_PLATFORM,SEA_SHOOTER_PLATFORM,blue,-130.313,35.5004,0,0,0,0,298,298,sea_shooter_wpn4_7,WPN4,WPN4,0,-118.491,34.0097,0,0,3.048,589.217,590.133,191,rand_sm,TGT_PLATFORM,red,1,0
42,05:04:53.21,154,154,sr_sam_telar-6,SR_SAM_TELAR,SR_SAM_TELAR,red,-122.912,47.1159,0,0,1,1,299,299,sr_sam_telar-6_sam_7,SR_SAM,SR_SAM,0,-123.201,46.9907,27.4473,538.471,152.404,13.9712,14.0092,268,sea_shooter_wpn3_7,WPN3,blue,1,0
42,05:04:56.05,154,154,sr_sam_telar-6,SR_SAM_TELAR,SR_SAM_TELAR,red,-122.912,47.1159,0,0,1,1,300,300,sr_sam_telar-6_sam_8,SR_SAM,SR_SAM,0,-123.196,46.9969,27.4507,538.471,152.414,13.6057,13.6433,268,sea_shooter_wpn3_7,WPN3,blue,1,0
42,05:05:37.47,153,153,sr_sam_telar-5,SR_SAM_TELAR,SR_SAM_TELAR,red,-122.897,47.2589,0,0,1,1,301,301,sr_sam_telar-5_sam_3,SR_SAM,SR_SAM,0,-123.126,47.0887,27.5037,538.479,152.435,13.8294,13.8562,268,sea_shooter_wpn3_7,WPN3,blue,1,0
42,05:05:40.69,153,153,sr_sam_telar-5,SR_SAM_TELAR,SR_SAM_TELAR,red,-122.897,47.2589,0,0,1,1,302,302,sr_sam_telar-5_sam_4,SR_SAM,SR_SAM,0,-123.12,47.0959,27.5077,538.479,152.458,13.3651,13.3913,268,sea_shooter_wpn3_7,WPN3,blue,1,0
42,05:06:22.78,161,161,sr_sam_telar-13,SR_SAM_TELAR,SR_SAM_TELAR,red,-122.044,45.2484,0,0,1,1,303,303,sr_sam_telar-13_sam_7,SR_SAM,SR_SAM,0,-122.096,45.0215,36.2018,539.636,152.512,13.7915,13.7949,269,sea_shooter_wpn1_4,WPN1,blue,1,0
42,05:06:25.88,161,161,sr_sam_telar-13,SR_SAM_TELAR,SR_SAM_TELAR,red,-122.044,45.2484,0,0,1,1,304,304,sr_sam_telar-13_sam_8,SR_SAM,SR_SAM,0,-122.09,45.0278,36.2064,539.636,152.603,13.3789,13.382,269,sea_shooter_wpn1_4,WPN1,blue,1,0
42,05:06:26.64,162,162,sr_sam_telar-14,SR_SAM_TELAR,SR_SAM_TELAR,red,-121.907,45.2211,0,0,1,1,305,305,sr_sam_telar-14_sam_7,SR_SAM,SR_SAM,0,-122.088,45.0293,36.2057,538.84,152.448,13.8287,13.8451,269,sea_shooter_wpn1_4,WPN1,blue,1,0
42,05:06:31.63,162,162,sr_sam_telar-14,SR_SAM_TELAR,SR_SAM_TELAR,red,-121.907,45.2211,0,0,1,1,306,306,sr_sam_telar-14_sam_8,SR_SAM,SR_SAM,0,-122.078,45.0394,36.213,538.84,152.516,13.0839,13.0994,269,sea_shooter_wpn1_4,WPN1,blue,1,0
42,05:08:13.10,24,24,elr_sam_launcher_2-1,ELR_SAM_LAUNCHER,ELR_SAM_LAUNCHER,red,-120.659,40.6062,0,0,0.57912,0.57912,307,307,elr_sam_launcher_2-1_sam_1,ELR_SAM,ELR_SAM,0,-121.17,40.3168,59.2432,540.158,152.406,29.0443,29.0975,273,sea_shooter_wpn3_8,WPN3,blue,1,0
42,05:08:17.16,24,24,elr_sam_launcher_2-1,ELR_SAM_LAUNCHER,ELR_SAM_LAUNCHER,red,-120.659,40.6062,0,0,0.57912,0.57912,308,308,elr_sam_launcher_2-1_sam_2,ELR_SAM,ELR_SAM,0,-121.158,40.322,59.2506,540.158,152.458,28.4388,28.4906,273,sea_shooter_wpn3_8,WPN3,blue,1,0
42,05:10:00.00,192,192,sea_shooter,SEA_SHOOTER_PLATFORM,SEA_SHOOTER_PLATFORM,blue,-130.313,35.5004,0,0,0,0,309,309,sea_shooter_wpn4_8,WPN4,WPN4,0,-118.491,34.0097,0,0,3.048,589.217,590.133,191,rand_sm,TGT_PLATFORM,red,1,0
42,05:20:00.00,192,192,sea_shooter,SEA_SHOOTER_PLATFORM,SEA_SHOOTER_PLATFORM,blue,-130.313,35.5004,0,0,0,0,310,310,sea_shooter_wpn3_9,WPN3,WPN3,0,-118.491,34.0097,0,0,3.048,589.217,590.133,191,rand_sm,TGT_PLATFORM,red,1,0
42,05:30:00.00,192,192,sea_shooter,SEA_SHOOTER_PLATFORM,SEA_SHOOTER_PLATFORM,blue,-130.313,35.5004,0,0,0,0,311,311,sea_shooter_n_wpn5_4,N_WPN5,N_WPN5,0,-118.491,34.0097,0,0,3.048,589.217,590.133,191,rand_sm,TGT_PLATFORM,red,1,0
42,05:40:00.00,192,192,sea_shooter,SEA_SHOOTER_PLATFORM,SEA_SHOOTER_PLATFORM,blue,-130.313,35.5004,0,0,0,0,312,312,sea_shooter_wpn4_9,WPN4,WPN4,0,-118.491,34.0097,0,0,3.048,589.217,590.133,191,rand_sm,TGT_PLATFORM,red,1,0
42,05:50:00.00,192,192,sea_shooter,SEA_SHOOTER_PLATFORM,SEA_SHOOTER_PLATFORM,blue,-130.313,35.5004,0,0,0,0,313,313,sea_shooter_wpn2_7,WPN2,WPN2,0,-118.491,34.0097,0,0,3.048,589.217,590.133,191,rand_sm,TGT_PLATFORM,red,1,0
42,06:00:00.00,192,192,sea_shooter,SEA_SHOOTER_PLATFORM,SEA_SHOOTER_PLATFORM,blue,-130.313,35.5004,0,0,0,0,314,314,sea_shooter_wpn1_8,WPN1,WPN1,0,-118.491,34.0097,0,0,3.048,589.217,590.133,191,rand_sm,TGT_PLATFORM,red,1,0
